{
  "day": "2026-04-27",
  "day_realized": -0.7692307692307689,
  "cumulative_pnl": -0.7692307692307689,
  "peak_equity": 90.41,
  "blocked": false
}