{
  "day": "2026-04-27",
  "day_realized": -4.70353636595855,
  "cumulative_pnl": -4.70353636595855,
  "peak_equity": 90.41,
  "blocked": false
}