{
  "day": "2026-04-27",
  "day_realized": -7.870366869048931,
  "cumulative_pnl": -7.870366869048931,
  "peak_equity": 90.41,
  "blocked": false
}